,topbuysell,ecvv,made_in_china,crmz,linkedin,gongchang,globalmarket,kompass,amfibi,israelwtc,europages,wikipedia,zoominfo,tradekey,toboc,b2bindex,yahoo,alibaba,bloomberg,iqs,hktdc,rusmarket,thomasnet,ec21,hoovers,qmed
0,"('company', 80)","('products', 8296)","('products', 862)","('company', 8627)","('company', 57394)","('products', 39459)","('products', 2075)","('de', 9254)","('service', 1213)","('products', 89)","('activities', 1743)","('company', 586)","('company', 3280)","('products', 16385)","('products', 635)","('business', 177)","('company', 1432)","('products', 13595)","('company', 48215)","('products', 335)","('products', 2580)","('products', 3182)","('include', 149568)","('products', 24230)","('nsk', 9022)","('company', 94)"
1,"('products', 70)","('quality', 5640)","('quality', 679)","('services', 2996)","('located', 48880)","('company', 31244)","('quality', 1583)","('le', 3049)","('services', 1127)","('quality', 53)","('manufacture', 1487)","('states', 176)","('description', 2599)","('quality', 10811)","('quality', 414)","('services', 157)","('services', 1228)","('quality', 9081)","('based', 29099)","('quality', 196)","('less', 2125)","('company', 2637)","('products', 94500)","('quality', 15358)","('nec', 3128)","('medical', 75)"
2,"('quality', 40)","('company', 5385)","('company', 448)","('products', 2895)","('united', 44444)","('quality', 24936)","('company', 1532)","('est', 2927)","('business', 839)","('oil', 51)","('products', 1219)","('1', 173)","('services', 1234)","('company', 10397)","('company', 326)","('design', 155)","('products', 1088)","('company', 7665)","('services', 28093)","('custom', 181)","('quality', 1823)","('quality', 1947)","('business', 77686)","('company', 15195)","('services', 1974)","('products', 58)"
3,"('production', 39)","('co', 3456)","('high', 362)","('engaged', 2693)","('states', 36387)","('high', 12992)","('production', 1082)","('la', 2252)","('company', 663)","('company', 47)","('farming', 1182)","('united', 162)","('service', 1146)","('ltd', 5846)","('customers', 233)","('web', 116)","('provides', 638)","('customers', 5078)","('operates', 21122)","('high', 141)","('us', 1194)","('production', 1149)","('thomasnet', 75743)","('co', 8603)","('products', 840)","('quality', 49)"
4,"('service', 38)","('ltd', 3436)","('co', 339)","('based', 2153)","('de', 21780)","('co', 12360)","('high', 963)","('en', 2155)","('home', 546)","('china', 40)","('sale', 1140)","('inc', 151)","('business', 966)","('co', 5836)","('high', 222)","('clients', 113)","('inc', 554)","('production', 3986)","('offers', 18450)","('industrial', 137)","('ltd', 1194)","('high', 1117)","('promote', 74780)","('high', 8505)","('work', 665)","('services', 48)"
5,"('ltd', 34)","('high', 3070)","('service', 332)","('business', 2022)","('services', 17937)","('ltd', 12296)","('co', 915)","('et', 2052)","('products', 501)","('ltd', 38)","('equipment', 1056)","('new', 137)","('provide', 749)","('business', 5763)","('co', 217)","('service', 110)","('offers', 550)","('high', 3934)","('provides', 17745)","('manufacturing', 127)","('company', 1116)","('ltd', 1091)","('manufacturer', 71583)","('ltd', 8315)","('miscellaneous', 613)","('manufacturing', 46)"
6,"('co', 33)","('production', 2803)","('ltd', 330)","('operates', 1400)","('business', 10766)","('customers', 12275)","('ltd', 898)","('l', 1918)","('provide', 482)","('high', 35)","('elsewhere', 797)","('based', 135)","('quality', 692)","('high', 5712)","('ltd', 216)","('uk', 109)","('well', 466)","('us', 3721)","('inc', 17387)","('us', 124)","('co', 1076)","('co', 1065)","('top', 68754)","('customers', 7464)","('equipment', 569)","('iso', 43)"
7,"('high', 31)","('china', 2778)","('customers', 327)","('limited', 1385)","('st', 10145)","('production', 10987)","('customers', 732)","('sous', 1702)","('quality', 465)","('series', 34)","('classified', 797)","('services', 133)","('us', 688)","('china', 5060)","('production', 185)","('company', 102)","('founded', 437)","('service', 3628)","('products', 16726)","('industries', 123)","('high', 1069)","('china', 1025)","('search', 67338)","('production', 6967)","('business', 562)","('custom', 38)"
8,"('system', 30)","('customers', 2778)","('production', 324)","('segment', 1327)","('en', 10004)","('us', 10464)","('development', 657)","('societe', 1521)","('design', 458)","('services', 34)","('services', 792)","('2', 131)","('new', 654)","('customers', 5001)","('china', 172)","('solutions', 94)","('also', 434)","('business', 3544)","('subsidiary', 14562)","('steel', 122)","('customers', 722)","('service', 887)","('results', 67177)","('china', 6922)","('steel', 507)","('solutions', 34)"
9,"('machine', 27)","('service', 2608)","('china', 299)","('ltd', 1240)","('e', 9912)","('service', 10358)","('china', 645)","('y', 1518)","('repair', 403)","('co', 33)","('construction', 781)","('3', 123)","('care', 636)","('production', 4768)","('service', 171)","('provide', 80)","('management', 401)","('ltd', 3521)","('founded', 14456)","('services', 121)","('contact', 720)","('customers', 878)","('want', 67075)","('service', 6371)","('carpentry', 505)","('systems', 34)"
10,"('equipment', 26)","('professional', 1921)","('machine', 258)","('include', 1215)","('new', 9101)","('business', 10061)","('technology', 613)","('dans', 1168)","('new', 402)","('us', 31)","('animals', 743)","('products', 122)","('community', 594)","('us', 4642)","('product', 153)","('website', 73)","('segment', 389)","('co', 3489)","('ltd', 12359)","('systems', 120)","('competitive', 641)","('business', 852)","('services', 64472)","('us', 5890)","('stores', 492)","('design', 33)"
11,"('glass', 25)","('etc', 1907)","('equipment', 253)","('others', 1179)","('inc', 8431)","('china', 10016)","('service', 595)","('departement', 1129)","('years', 394)","('machine', 30)","('agents', 738)","('largest', 120)","('also', 586)","('service', 4529)","('etc', 152)","('management', 73)","('operates', 388)","('also', 2850)","('also', 9937)","('manufacturer', 119)","('production', 621)","('equipment', 828)","('available', 59243)","('business', 5654)","('transportation', 484)","('product', 32)"
12,"('customers', 24)","('technology', 1889)","('professional', 247)","('companys', 1171)","('management', 8149)","('also', 8645)","('system', 560)","('naf', 1128)","('care', 389)","('technology', 30)","('engineering', 725)","('also', 111)","('years', 574)","('product', 4488)","('professional', 146)","('based', 71)","('headquartered', 386)","('product', 2754)","('management', 9081)","('equipment', 118)","('prices', 619)","('etc', 774)","('custom', 51612)","('etc', 5622)","('air', 450)","('devices', 31)"
13,"('frp', 23)","('business', 1846)","('etc', 222)","('inc', 1169)","('kingdom', 7986)","('product', 8468)","('management', 539)","('cette', 1122)","('also', 384)","('equipment', 28)","('agencies', 724)","('corporation', 105)","('products', 567)","('industry', 3601)","('system', 140)","('offer', 70)","('based', 333)","('professional', 2622)","('limited', 7426)","('years', 116)","('china', 613)","('professional', 754)","('equipment', 49908)","('product', 5448)","('instruments', 417)","('manufactures', 31)"
14,"('technology', 23)","('development', 1794)","('system', 209)","('investment', 1165)","('design', 7590)","('etc', 7309)","('product', 526)","('recensee', 1121)","('us', 378)","('customers', 28)","('estate', 655)","('american', 103)","('one', 521)","('also', 3550)","('technology', 138)","('support', 66)","('including', 325)","('china', 2611)","('solutions', 6896)","('plastic', 110)","('delivery', 563)","('also', 736)","('systems', 49087)","('also', 5241)","('food', 403)","('equipment', 30)"
15,"('business', 23)","('product', 1670)","('product', 201)","('development', 1157)","('rd', 7588)","('technology', 7232)","('equipment', 526)","('commerce', 1068)","('full', 367)","('system', 28)","('business', 568)","('group', 95)","('moving', 516)","('etc', 3357)","('us', 137)","('experience', 63)","('systems', 277)","('new', 2483)","('systems', 6856)","('metal', 105)","('first', 540)","('services', 721)","('distributor', 47156)","('technology', 5035)","('preparations', 391)","('offers', 29)"
16,"('best', 21)","('us', 1630)","('development', 189)","('provides', 1143)","('solutions', 7136)","('professional', 7182)","('etc', 495)","('e', 1003)","('offer', 364)","('provide', 25)","('wholesale', 548)","('bank', 94)","('offer', 495)","('please', 3332)","('manufacturing', 124)","('also', 60)","('loans', 276)","('world', 2458)","('united', 6449)","('offer', 104)","('always', 533)","('manufacturer', 708)","('steel', 46621)","('professional', 4872)","('wood', 380)","('high', 29)"
17,"('first', 21)","('also', 1624)","('technology', 185)","('well', 1142)","('service', 6913)","('market', 7100)","('professional', 488)","('di', 956)","('one', 344)","('etc', 25)","('civil', 525)","('founded', 94)","('area', 492)","('professional', 3303)","('years', 123)","('data', 58)","('solutions', 275)","('equipment', 2458)","('co', 6124)","('service', 103)","('manufacturing', 510)","('product', 689)","('capabilities', 45707)","('best', 4601)","('control', 377)","('certified', 28)"
18,"('professional', 21)","('good', 1609)","('industry', 181)","('management', 1094)","('limited', 6060)","('good', 7008)","('enterprise', 487)","('bois', 922)","('needs', 336)","('product', 24)","('property', 511)","('4', 93)","('photography', 471)","('technology', 3177)","('business', 118)","('work', 56)","('limited', 260)","('development', 2437)","('include', 5570)","('design', 96)","('prompt', 484)","('us', 679)","('industrial', 32683)","('good', 4559)","('process', 376)","('materials', 27)"
19,"('bag', 20)","('equipment', 1598)","('series', 177)","('also', 1090)","('marketing', 5987)","('years', 6895)","('manufacturing', 459)","('und', 894)","('experience', 326)","('business', 24)","('motor', 504)","('owned', 79)","('needs', 464)","('market', 2876)","('also', 116)","('years', 54)","('united', 255)","('market', 2430)","('manufactures', 5540)","('company', 95)","('established', 461)","('development', 677)","('metal', 31887)","('market', 4316)","('except', 376)","('development', 26)"
20,"('water', 20)","('market', 1540)","('design', 175)","('subsidiaries', 1054)","('ave', 5936)","('supplier', 6886)","('000', 432)","('fondee', 844)","('custom', 312)","('paper', 23)","('machinery', 503)","('business', 77)","('customers', 460)","('good', 2868)","('equipment', 113)","('us', 54)","('development', 250)","('good', 2427)","('llc', 5489)","('provide', 88)","('hong', 457)","('years', 631)","('including', 29270)","('years', 4289)","('retail', 358)","('device', 26)"
21,"('product', 20)","('industry', 1499)","('us', 170)","('including', 1044)","('la', 5844)","('world', 6865)","('factory', 432)","('construction', 807)","('best', 310)","('production', 22)","('retail', 500)","('including', 73)","('clients', 455)","('world', 2854)","('development', 108)","('office', 53)","('commercial', 246)","('years', 2330)","('business', 5393)","('since', 88)","('develop', 448)","('market', 622)","('parts', 28649)","('world', 4269)","('n', 357)","('applications', 25)"
22,"('cooling', 20)","('machine', 1489)","('first', 165)","('co', 790)","('technology', 5603)","('development', 6865)","('industry', 424)","('d', 785)","('help', 302)","('service', 20)","('general', 497)","('world', 71)","('well', 450)","('best', 2811)","('industry', 105)","('training', 53)","('gas', 245)","('technology', 2271)","('including', 5336)","('customers', 88)","('design', 448)","('manufacturing', 619)","('engineering', 27654)","('development', 4257)","('publishing', 349)","('industry', 25)"
23,"('etc', 20)","('years', 1484)","('manufacturing', 164)","('equipment', 784)","('y', 5485)","('new', 6773)","('years', 422)","('une', 785)","('management', 302)","('rubber', 20)","('recruitment', 473)","('headquartered', 71)","('providing', 431)","('development', 2809)","('factory', 104)","('systems', 53)","('various', 239)","('best', 2244)","('incorporated', 5269)","('needs', 84)","('kong', 447)","('international', 609)","('materials', 26340)","('manufacturing', 4088)","('special', 346)","('components', 24)"
24,"('world', 20)","('system', 1454)","('business', 164)","('sale', 741)","('clients', 5374)","('best', 6606)","('new', 415)","('activites', 761)","('providing', 288)","('machinery', 20)","('parts', 471)","('000', 71)","('hair', 425)","('years', 2794)","('market', 102)","('development', 53)","('sells', 235)","('well', 2191)","('development', 5242)","('include', 81)","('future', 444)","('one', 603)","('design', 25861)","('equipment', 4051)","('mills', 342)","('provides', 23)"
25,"('paper', 20)","('manufacturing', 1426)","('management', 163)","('segments', 735)","('development', 5048)","('equipment', 6566)","('established', 410)","('sont', 745)","('customers', 286)","('manufacturer', 19)","('hotels', 464)","('million', 68)","('time', 414)","('manufacturing', 2781)","('world', 101)","('range', 53)","('oil', 229)","('etc', 2190)","('well', 4616)","('today', 80)","('years', 435)","('industry', 576)","('industries', 24505)","('one', 3971)","('company', 340)","('production', 22)"
26,"('also', 20)","('steel', 1392)","('good', 163)","('distribution', 709)","('based', 4812)","('factory', 6042)","('market', 398)","('ses', 741)","('solutions', 285)","('management', 19)","('quality', 456)","('york', 66)","('work', 409)","('new', 2725)","('best', 98)","('quality', 52)","('business', 218)","('manufacturing', 2159)","('engages', 4292)","('solutions', 78)","('professional', 428)","('technology', 570)","('also', 24157)","('manufacturer', 3968)","('nonscheduled', 338)","('range', 21)"
27,"('china', 19)","('factory', 1384)","('also', 162)","('production', 708)","('construction', 4764)","('manufacturing', 5996)","('business', 392)","('principales', 738)","('small', 274)","('well', 19)","('company', 453)","('5', 65)","('storage', 408)","('one', 2702)","('good', 98)","('marketing', 49)","('states', 217)","('international', 2019)","('new', 4285)","('including', 78)","('satisfaction', 423)","('steel', 567)","('plastic', 23989)","('industry', 3879)","('construction', 335)","('including', 21)"
28,"('enterprise', 19)","('world', 1377)","('world', 159)","('systems', 706)","('products', 4741)","('one', 5972)","('located', 388)","('par', 723)","('well', 274)","('solutions', 18)","('management', 448)","('first', 64)","('experience', 407)","('contact', 2697)","('international', 96)","('needs', 48)","('insurance', 216)","('provide', 2009)","('group', 4278)","('precision', 77)","('manufacturer', 422)","('machine', 561)","('packaging', 23281)","('new', 3799)","('general', 328)","('9001', 20)"
29,"('design', 19)","('one', 1324)","('market', 157)","('offers', 694)","('health', 4707)","('international', 5941)","('advanced', 388)","('materiaux', 640)","('work', 273)","('new', 17)","('buildings', 424)","('stores', 64)","('best', 404)","('equipment', 2672)","('customer', 95)","('online', 47)","('investment', 209)","('factory', 1989)","('equipment', 4151)","('parts', 74)","('offers', 422)","('world', 553)","('pumps', 23137)","('system', 3753)","('petroleum', 316)","('power', 20)"
30,"('sales', 19)","('international', 1305)","('factory', 156)","('manufacture', 685)","('ltd', 4488)","('well', 5915)","('design', 381)","('au', 640)","('commercial', 265)","('boat', 17)","('works', 420)","('one', 63)","('professional', 403)","('international', 2569)","('provide', 90)","('many', 45)","('primarily', 201)","('established', 1934)","('various', 3792)","('also', 73)","('factory', 417)","('system', 551)","('cutting', 23134)","('machine', 3548)","('household', 299)","('inc', 20)"
31,"('marking', 18)","('advanced', 1275)","('new', 153)","('construction', 669)","('provide', 4436)","('manufacturer', 5883)","('world', 362)","('du', 610)","('family', 262)","('bearing', 17)","('related', 401)","('companies', 63)","('staff', 394)","('factory', 2558)","('parts', 87)","('businesses', 45)","('equipment', 200)","('one', 1927)","('technology', 3678)","('product', 71)","('product', 403)","('well', 536)","('valves', 22372)","('international', 3537)","('medical', 296)","('industrial', 19)"
32,"('tower', 18)","('management', 1262)","('years', 146)","('among', 659)","('quality', 4382)","('system', 5849)","('also', 355)","('entreprise', 593)","('free', 260)","('established', 16)","('real', 382)","('u', 62)","('customer', 390)","('manufacturer', 2520)","('manufacturer', 87)","('software', 44)","('corporation', 200)","('manufacturer', 1922)","('companys', 3610)","('experience', 68)","('bright', 402)","('wire', 522)","('machining', 21959)","('factory', 3489)","('industrial', 295)","('customer', 19)"
33,"('treatment', 18)","('new', 1251)","('international', 146)","('united', 657)","('california', 4379)","('established', 5846)","('international', 355)","('gros', 581)","('equipment', 259)","('parker', 16)","('builders', 379)","('acquired', 62)","('chamber', 388)","('well', 2441)","('one', 85)","('professional', 43)","('markets', 197)","('design', 1912)","('commercial', 3609)","('components', 66)","('technology', 392)","('best', 509)","('served', 21674)","('price', 3486)","('offices', 290)","('engineering', 18)"
34,"('laser', 18)","('manufacturer', 1242)","('led', 145)","('solutions', 657)","('consulting', 4330)","('industry', 5530)","('well', 354)","('des', 569)","('clients', 254)","('market', 16)","('materials', 371)","('locations', 59)","('many', 387)","('provide', 2375)","('design', 84)","('sales', 43)","('banking', 195)","('customer', 1893)","('known', 3464)","('variety', 65)","('business', 387)","('many', 493)","('air', 21535)","('established', 3432)","('structural', 259)","('precision', 18)"
35,"('us', 17)","('enterprise', 1231)","('established', 144)","('two', 653)","('real', 4200)","('provided', 5248)","('sales', 350)","('siret', 569)","('professional', 254)","('requirements', 15)","('service', 366)","('food', 59)","('salon', 384)","('time', 2345)","('many', 83)","('products', 43)","('canada', 193)","('industry', 1886)","('formerly', 3454)","('molding', 65)","('service', 385)","('new', 482)","('product', 21504)","('provide', 3311)","('local', 248)","('cost', 17)"
36,"('steel', 17)","('best', 1220)","('provide', 140)","('located', 625)","('software', 4092)","('located', 5239)","('one', 339)","('numero', 559)","('time', 246)","('main', 15)","('accessories', 363)","('billion', 58)","('county', 383)","('established', 2344)","('steel', 81)","('companies', 42)","('addition', 191)","('services', 1838)","('develops', 3443)","('industry', 64)","('international', 377)","('provide', 460)","('stainless', 21194)","('well', 3301)","('trade', 245)","('manufacturer', 17)"
37,"('tires', 16)","('wire', 1206)","('one', 137)","('group', 624)","('information', 3993)","('design', 5232)","('area', 330)","('interentreprises', 507)","('sales', 241)","('offer', 15)","('financial', 361)","('chain', 57)","('art', 381)","('system', 2338)","('new', 81)","('best', 42)","('energy', 190)","('system', 1790)","('software', 3388)","('stainless', 62)","('concern', 374)","('parts', 456)","('applications', 21008)","('many', 3264)","('colleges', 244)","('customers', 17)"
38,"('international', 16)","('established', 1197)","('manufacturer', 136)","('oil', 616)","('care', 3974)","('provide', 5220)","('good', 328)","('si', 445)","('marketing', 239)","('professional', 15)","('mixed', 360)","('international', 57)","('help', 367)","('located', 2259)","('price', 79)","('small', 40)","('new', 179)","('located', 1770)","('markets', 3378)","('leading', 59)","('also', 373)","('factory', 454)","('components', 20204)","('led', 3189)","('furniture', 244)","('assembly', 17)"
39,"('city', 16)","('located', 1194)","('enterprise', 135)","('holding', 605)","('experience', 3964)","('introduction', 5180)","('first', 326)","('r', 434)","('systems', 238)","('test', 15)","('legal', 339)","('2014', 54)","('offers', 352)","('price', 2249)","('established', 75)","('customers', 40)","('financial', 175)","('management', 1766)","('construction', 3370)","('call', 58)","('provide', 371)","('leading', 451)","('cnc', 19899)","('design', 3126)","('furnaces', 235)","('control', 17)"
40,"('development', 16)","('well', 1186)","('advanced', 133)","('includes', 599)","('dr', 3930)","('many', 5177)","('series', 318)","('fabrication', 429)","('provides', 237)","('bags', 15)","('cleaning', 331)","('located', 53)","('industry', 351)","('design', 2192)","('used', 75)","('one', 39)","('companys', 174)","('sales', 1675)","('corporation', 3334)","('well', 56)","('development', 356)","('design', 445)","('welding', 19718)","('export', 3121)","('canned', 231)","('machining', 16)"
41,"('market', 15)","('design', 1159)","('sales', 129)","('real', 594)","('estate', 3833)","('management', 5125)","('meters', 314)","('dirigee', 422)","('web', 222)","('purifier', 15)","('consultancy', 319)","('subsidiary', 53)","('city', 350)","('based', 2147)","('main', 75)","('new', 38)","('real', 173)","('many', 1619)","('insurance', 3303)","('valves', 55)","('etc', 355)","('good', 444)","('medical', 19698)","('located', 3021)","('contractors', 226)","('testing', 16)"
42,"('industry', 15)","('many', 1140)","('well', 122)","('technology', 590)","('one', 3773)","('services', 5121)","('us', 312)","('zone', 413)","('call', 215)","('development', 15)","('car', 317)","('oil', 52)","('located', 346)","('since', 2140)","('industrial', 75)","('providing', 38)","('name', 172)","('clients', 1590)","('states', 3300)","('wide', 54)","('led', 354)","('established', 442)","('control', 19162)","('customer', 3019)","('clinics', 223)","('years', 16)"
43,"('good', 15)","('series', 1138)","('best', 119)","('gas', 589)","('media', 3742)","('yet', 4953)","('square', 310)","('rue', 400)","('make', 213)","('supplier', 14)","('dealers', 292)","('city', 51)","('library', 337)","('customer', 2097)","('sales', 74)","('solution', 37)","('technology', 163)","('contact', 1553)","('industrial', 3232)","('iso', 53)","('lighting', 350)","('export', 434)","('aluminum', 19064)","('management', 3015)","('management', 220)","('contract', 16)"
44,"('country', 14)","('sales', 1110)","('team', 115)","('markets', 589)","('web', 3700)","('price', 4934)","('machine', 309)","('produits', 393)","('available', 209)","('best', 14)","('building', 291)","('california', 51)","('provides', 335)","('export', 2080)","('well', 71)","('help', 37)","('estate', 162)","('team', 1521)","('service', 3140)","('applications', 53)","('industry', 349)","('main', 433)","('power', 18994)","('steel', 3006)","('agents', 211)","('available', 16)"
45,"('price', 14)","('provide', 1099)","('customer', 115)","('sa', 588)","('o', 3672)","('customer', 4901)","('brand', 300)","('von', 390)","('area', 208)","('america', 14)","('goods', 287)","('north', 48)","('full', 329)","('many', 2067)","('machines', 70)","('credit', 35)","('develops', 161)","('experience', 1508)","('design', 2991)","('engineering', 53)","('market', 344)","('manufacture', 412)","('5', 18899)","('contact', 2923)","('trucking', 209)","('include', 16)"
46,"('brand', 14)","('customer', 1088)","('price', 115)","('property', 573)","('industry', 3660)","('contact', 4651)","('city', 293)","('installee', 389)","('insurance', 208)","('industry', 14)","('mnfrs', 283)","('name', 48)","('make', 328)","('management', 2013)","('enterprise', 70)","('industry', 35)","('known', 156)","('machines', 1506)","('online', 2972)","('customer', 53)","('services', 336)","('materials', 412)","('service', 17801)","('parts', 2870)","('electronic', 205)","('packaging', 16)"
47,"('established', 13)","('price', 1064)","('main', 114)","('bank', 566)","('years', 3650)","('advanced', 4530)","('manufacturer', 283)","('implantee', 387)","('training', 207)","('europe', 14)","('transport', 283)","('known', 48)","('since', 321)","('steel', 1971)","('including', 69)","('ltd', 35)","('treatment', 155)","('welcome', 1499)","('applications', 2891)","('many', 52)","('world', 313)","('range', 409)","('manufacturing', 17717)","('sales', 2823)","('doctors', 203)","('capabilities', 16)"
48,"('time', 13)","('machinery', 1033)","('power', 113)","('estate', 564)","('group', 3619)","('export', 4474)","('customer', 275)","('ardoise', 375)","('including', 207)","('supply', 14)","('restaurant', 282)","('edit', 48)","('family', 319)","('led', 1955)","('contact', 68)","('creative', 34)","('properties', 154)","('export', 1450)","('kingdom', 2885)","('line', 51)","('one', 313)","('russia', 397)","('supplies', 17591)","('advanced', 2823)","('fixtures', 198)","('provide', 15)"
49,"('series', 12)","('first', 1031)","('machinery', 112)","('owned', 562)","('providing', 3519)","('000', 4438)","('many', 264)","('grumes', 368)","('residential', 202)","('world', 14)","('livestock', 280)","('2013', 47)","('local', 319)","('advanced', 1936)","('leading', 67)","('use', 34)","('industrial', 154)","('machine', 1431)","('china', 2870)","('aluminum', 51)","('best', 297)","('supply', 396)","('tools', 17415)","('supply', 2821)","('bakeries', 196)","('support', 15)"
50,"('com', 12)","('parts', 989)","('located', 111)","('related', 560)","('high', 3459)","('sales', 4408)","('europe', 264)","('temperee', 368)","('technology', 201)","('also', 14)","('systems', 278)","('well', 47)","('information', 309)","('free', 1909)","('export', 67)","('including', 34)","('formerly', 153)","('advanced', 1416)","('power', 2721)","('range', 51)","('limited', 295)","('enterprise', 389)","('types', 17130)","('enterprise', 2759)","('service', 195)","('business', 15)"
51,"('mainly', 12)","('000', 982)","('many', 110)","('operations', 556)","('financial', 3433)","('enterprise', 4361)","('iso9001', 261)","('localisee', 353)","('customer', 199)","('countries', 13)","('metal', 275)","('insurance', 47)","('center', 308)","('sales', 1878)","('experience', 66)","('cleaning', 33)","('companies', 152)","('first', 1365)","('data', 2712)","('website', 50)","('based', 290)","('countries', 386)","('high', 16977)","('please', 2627)","('blast', 195)","('industries', 15)"
52,"('information', 12)","('main', 905)","('city', 109)","('project', 544)","('help', 3403)","('main', 4173)","('r', 258)","('tpe', 349)","('health', 198)","('one', 13)","('supplies', 274)","('headquarters', 46)","('pet', 301)","('services', 1838)","('specialized', 66)","('site', 33)","('segments', 150)","('countries', 1360)","('gas', 2703)","('one', 49)","('new', 289)","('oil', 383)","('automotive', 16844)","('main', 2604)","('animal', 194)","('well', 15)"
53,"('located', 12)","('export', 895)","('supply', 109)","('manufacturing', 540)","('online', 3384)","('first', 4132)","('d', 256)","('w', 346)","('based', 195)","('plastic', 13)","('specialised', 274)","('technology', 46)","('inc', 299)","('machine', 1819)","('located', 65)","('media', 32)","('group', 149)","('less', 1328)","('energy', 2697)","('hydraulic', 49)","('well', 286)","('located', 382)","('wire', 16597)","('kinds', 2507)","('paper', 187)","('global', 14)"
54,"('new', 11)","('kinds', 892)","('including', 108)","('three', 540)","('companies', 3334)","('series', 4076)","('research', 255)","('gerant', 330)","('medical', 195)","('bearings', 13)","('production', 273)","('us', 46)","('state', 297)","('supply', 1790)","('r', 64)","('working', 30)","('include', 149)","('range', 1327)","('real', 2667)","('capabilities', 49)","('located', 285)","('price', 380)","('water', 16431)","('services', 2493)","('erection', 185)","('technology', 14)"
55,"('one', 11)","('countries', 891)","('brand', 107)","('subsidiary', 525)","('provides', 3312)","('clients', 4071)","('led', 251)","('beton', 316)","('high', 193)","('many', 13)","('stores', 267)","('sold', 46)","('high', 295)","('000', 1769)","('manufacture', 63)","('include', 30)","('software', 148)","('europe', 1297)","('financial', 2645)","('inc', 49)","('team', 277)","('experience', 378)","('assembly', 16374)","('series', 2489)","('gas', 185)","('full', 14)"
56,"('america', 11)","('city', 887)","('r', 107)","('companies', 523)","('texas', 3247)","('kinds', 4005)","('lighting', 248)","('produzione', 311)","('com', 193)","('sales', 13)","('vehicle', 265)","('since', 45)","('businesses', 273)","('main', 1747)","('management', 63)","('team', 29)","('related', 145)","('price', 1295)","('care', 2586)","('offers', 48)","('lets', 277)","('offer', 374)","('iso', 16039)","('leading', 2461)","('building', 180)","('also', 14)"
57,"('anti', 11)","('europe', 877)","('control', 106)","('mainly', 522)","('york', 3204)","('please', 3978)","('technical', 244)","('para', 298)","('many', 189)","('competitive', 13)","('motels', 265)","('management', 45)","('medical', 268)","('enterprise', 1676)","('000', 62)","('every', 28)","('mobile', 142)","('000', 1280)","('international', 2524)","('air', 47)","('experience', 268)","('customer', 373)","('testing', 15800)","('first', 2445)","('computer', 180)","('manufacture', 14)"
58,"('power', 11)","('manufacture', 851)","('light', 105)","('31', 516)","('world', 3176)","('supply', 3977)","('provide', 243)","('sables', 296)","('owned', 189)","('located', 13)","('high', 253)","('financial', 44)","('members', 267)","('series', 1675)","('first', 61)","('free', 28)","('located', 141)","('main', 1237)","('marketing', 2515)","('certified', 46)","('good', 268)","('management', 367)","('assemblies', 15288)","('000', 2424)","('metal', 177)","('fda', 14)"
59,"('long', 11)","('services', 833)","('d', 102)","('provision', 514)","('firm', 3023)","('europe', 3921)","('industrial', 243)","('na', 294)","('since', 188)","('time', 12)","('sales', 247)","('service', 44)","('equipment', 262)","('first', 1662)","('d', 60)","('staff', 28)","('manufactures', 140)","('city', 1214)","('medical', 2498)","('available', 46)","('000', 259)","('including', 365)","('precision', 15202)","('countries', 2389)","('family', 176)","('requirements', 14)"
60,"('trade', 11)","('mesh', 832)","('welcome', 102)","('industrial', 506)","('professional', 3016)","('welcome', 3893)","('excellent', 238)","('etc', 292)","('consulting', 185)","('years', 12)","('personnel', 245)","('2011', 44)","('every', 262)","('oil', 1656)","('control', 60)","('well', 28)","('retail', 136)","('enterprise', 1211)","('system', 2492)","('medical', 45)","('range', 247)","('sales', 365)","('pressure', 15012)","('competitive', 2356)","('producers', 173)","('based', 14)"
61,"('health', 11)","('welcome', 828)","('000', 101)","('market', 499)","('com', 2973)","('machine', 3890)","('america', 230)","('commercio', 291)","('industry', 182)","('mining', 12)","('merchants', 240)","('operates', 44)","('team', 261)","('countries', 1650)","('accessories', 60)","('london', 27)","('service', 135)","('control', 1210)","('engineering', 2488)","('power', 45)","('system', 246)","('russian', 365)","('fittings', 14684)","('manufacture', 2327)","('stone', 172)","('companies', 13)"
62,"('fiber', 11)","('machines', 827)","('industrial', 100)","('power', 497)","('w', 2929)","('steel', 3756)","('control', 230)","('personnelle', 290)","('need', 182)","('price', 12)","('provision', 237)","('6', 43)","('support', 259)","('1', 1627)","('america', 59)","('time', 27)","('china', 134)","('time', 1204)","('name', 2462)","('control', 45)","('meet', 246)","('clients', 364)","('machine', 14548)","('various', 2270)","('theatrical', 170)","('supplies', 13)"
63,"('supply', 11)","('america', 820)","('technical', 98)","('energy', 495)","('us', 2892)","('manufacture', 3754)","('home', 230)","('compagnie', 290)","('development', 182)","('5', 12)","('labour', 237)","('systems', 43)","('programs', 258)","('europe', 1598)","('time', 59)","('offers', 27)","('accounts', 134)","('competitive', 1201)","('owns', 2448)","('rubber', 44)","('offer', 245)","('kinds', 364)","('aerospace', 14186)","('used', 2255)","('health', 164)","('service', 13)"
64,"('registered', 11)","('industrial', 815)","('steel', 95)","('fund', 492)","('van', 2885)","('various', 3746)","('domestic', 230)","('affaire', 289)","('support', 181)","('design', 12)","('employment', 236)","('manufacturer', 43)","('dedicated', 256)","('industrial', 1572)","('series', 58)","('technology', 27)","('power', 133)","('supply', 1197)","('oil', 2431)","('materials', 43)","('welcome', 240)","('1', 359)","('certified', 14117)","('welcome', 2242)","('allied', 161)","('standards', 13)"
65,"('excellent', 10)","('including', 809)","('services', 92)","('primarily', 491)","('systems', 2885)","('city', 3703)","('power', 226)","('ayant', 288)","('offers', 179)","('pens', 12)","('manufacturing', 232)","('employees', 41)","('hospital', 256)","('welcome', 1569)","('always', 58)","('provides', 27)","('comprising', 133)","('make', 1192)","('information', 2424)","('business', 43)","('unique', 236)","('industrial', 352)","('various', 13651)","('specialized', 2229)","('associations', 160)","('wide', 13)"
66,"('provide', 10)","('plastic', 808)","('machines', 90)","('financial', 485)","('work', 2847)","('competitive', 3682)","('innovation', 226)","('pour', 288)","('inc', 177)","('leading', 12)","('buyers', 230)","('approximately', 41)","('development', 254)","('competitive', 1544)","('line', 58)","('full', 27)","('changed', 130)","('offer', 1167)","('health', 2398)","('cutting', 43)","('management', 234)","('various', 345)","('commercial', 13476)","('1', 2223)","('insurance', 158)","('line', 13)"
67,"('bank', 10)","('clients', 807)","('america', 89)","('exploration', 478)","('education', 2840)","('countries', 3653)","('best', 225)","('comme', 287)","('air', 175)","('contact', 12)","('textile', 230)","('network', 40)","('free', 254)","('city', 1542)","('services', 58)","('research', 27)","('engages', 128)","('various', 1157)","('network', 2383)","('tanks', 42)","('shenzhen', 232)","('companies', 343)","('heat', 13325)","('europe', 2195)","('oil', 155)","('experience', 13)"
68,"('trading', 10)","('east', 794)","('long', 89)","('insurance', 475)","('box', 2830)","('experience', 3595)","('certification', 223)","('enregistrement', 287)","('online', 174)","('export', 12)","('solicitors', 229)","('market', 40)","('veterinary', 253)","('feel', 1530)","('kinds', 58)","('customer', 27)","('fund', 127)","('leading', 1141)","('mobile', 2369)","('visit', 42)","('customer', 223)","('series', 340)","('markets', 13297)","('industrial', 2184)","('care', 154)","('process', 13)"
69,"('management', 10)","('specialized', 791)","('clients', 88)","('activities', 475)","('market', 2812)","('leading', 3413)","('main', 221)","('action', 284)","('businesses', 172)","('zhongneng', 11)","('technical', 227)","('global', 39)","('commerce', 252)","('manufacture', 1519)","('make', 57)","('high', 27)","('home', 127)","('excellent', 1135)","('canada', 2353)","('packaging', 42)","('sales', 211)","('research', 336)","('electrical', 13111)","('experience', 2180)","('timber', 151)","('13485', 13)"
70,"('fashion', 10)","('competitive', 782)","('square', 87)","('division', 471)","('best', 2802)","('including', 3411)","('including', 220)","('simplifiee', 281)","('computer', 171)","('equipments', 11)","('growing', 227)","('two', 39)","('available', 251)","('materials', 1519)","('long', 57)","('contact', 26)","('customers', 127)","('always', 1129)","('industries', 2344)","('best', 41)","('oem', 210)","('trade', 332)","('standard', 13110)","('including', 2177)","('tracts', 149)","('providing', 13)"
71,"('marketing', 10)","('various', 777)","('specialized', 87)","('properties', 469)","('international', 2772)","('offer', 3352)","('founded', 218)","('taille', 264)","('local', 165)","('transformer', 11)","('vehicles', 219)","('500', 39)","('home', 246)","('parts', 1514)","('water', 57)","('internet', 26)","('product', 125)","('prices', 1125)","('customers', 2335)","('complete', 41)","('toys', 204)","('specialized', 330)","('fabrication', 12936)","('clients', 2173)","('software', 148)","('class', 13)"
72,"('welcome', 10)","('chemical', 774)","('parts', 87)","('commercial', 463)","('needs', 2718)","('time', 3334)","('countries', 214)","('sa', 263)","('website', 164)","('com', 11)","('food', 218)","('texas', 38)","('health', 243)","('kinds', 1511)","('light', 57)","('consultancy', 26)","('consumer', 123)","('meet', 1117)","('consulting', 2306)","('manufacture', 41)","('many', 200)","('water', 325)","('electronic', 12811)","('machinery', 2135)","('also', 147)","('rf', 12)"
73,"('many', 10)","('asia', 770)","('experience', 86)","('banking', 457)","('customers', 2690)","('control', 3299)","('team', 212)","('products', 246)","('product', 162)","('east', 11)","('security', 216)","('national', 38)","('day', 242)","('including', 1506)","('machine', 56)","('network', 25)","('property', 121)","('please', 1117)","('estate', 2304)","('need', 41)","('since', 197)","('produce', 324)","('repair', 12484)","('d', 2116)","('residential', 147)","('electronic', 12)"
74,"('services', 10)","('technical', 765)","('research', 86)","('industry', 446)","('also', 2660)","('industrial', 3261)","('experience', 209)","('services', 238)","('personal', 160)","('team', 11)","('involved', 208)","('manufacturing', 37)","('including', 241)","('leading', 1503)","('countries', 56)","('client', 25)","('network', 120)","('steel', 1106)","('sells', 2287)","('wire', 41)","('brand', 196)","('air', 319)","('construction', 12383)","('machines', 2093)","('crushed', 147)","('manufacturers', 12)"
75,"('range', 10)","('supply', 760)","('kinds', 86)","('states', 446)","('n', 2660)","('america', 3219)","('welcome', 208)","('activite', 235)","('get', 160)","('line', 11)","('design', 208)","('america', 37)","('fire', 240)","('offer', 1498)","('advanced', 56)","('search', 24)","('production', 118)","('manufacture', 1103)","('production', 2269)","('standard', 40)","('today', 194)","('000', 313)","('management', 12309)","('plastic', 2081)","('broken', 147)","('compliance', 12)"
76,"('corrosion', 10)","('leading', 751)","('excellent', 85)","('retail', 440)","('small', 2633)","('make', 3205)","('million', 206)","('pierres', 235)","('serving', 155)","('power', 11)","('computer', 195)","('2012', 37)","('need', 240)","('clients', 1482)","('various', 56)","('leading', 24)","('credit', 117)","('used', 1092)","('gmbh', 2267)","('material', 40)","('export', 194)","('advanced', 313)","('tubing', 12293)","('city', 2080)","('water', 146)","('metal', 12)"
77,"('parts', 10)","('experience', 747)","('countries', 85)","('range', 433)","('people', 2599)","('machines', 3204)","('group', 205)","('extraction', 234)","('companies', 155)","('information', 11)","('industrial', 191)","('worldwide', 37)","('people', 239)","('experience', 1458)","('team', 55)","('prices', 24)","('applications', 116)","('america', 1089)","('investment', 2262)","('production', 39)","('equipment', 192)","('group', 312)","('military', 12264)","('like', 2055)","('crop', 145)","('regulatory', 12)"
78,"('construction', 10)","('used', 747)","('meters', 85)","('portfolio', 429)","('well', 2598)","('brand', 3198)","('line', 203)","('principale', 233)","('shop', 155)","('industrial', 11)","('hire', 190)","('public', 37)","('please', 238)","('used', 1423)","('meet', 55)","('cost', 23)","('gold', 115)","('materials', 1083)","('support', 2224)","('heat', 39)","('europe', 191)","('work', 310)","('food', 12250)","('materials', 2041)","('universities', 142)","('management', 12)"
79,"('school', 9)","('control', 746)","('rubber', 85)","('service', 410)","('florida', 2581)","('area', 3194)","('province', 199)","('materiel', 232)","('people', 154)","('food', 11)","('years', 189)","('2007', 37)","('program', 238)","('various', 1420)","('2', 54)","('international', 23)","('used', 115)","('plastic', 1079)","('serves', 2203)","('machining', 39)","('d', 191)","('europe', 307)","('fasteners', 12222)","('offer', 2034)","('minerals', 141)","('laser', 12)"
80,"('machines', 9)","('domestic', 742)","('always', 84)","('corporation', 404)","('engineering', 2569)","('excellent', 3172)","('standard', 197)","('fur', 231)","('auto', 154)","('processing', 11)","('office', 189)","('air', 36)","('world', 232)","('east', 1406)","('power', 54)","('market', 23)","('health', 115)","('technical', 1077)","('research', 2189)","('work', 38)","('clients', 190)","('mesh', 305)","('covers', 11869)","('research', 2032)","('commercial', 141)","('training', 11)"
81,"('network', 9)","('research', 740)","('europe', 84)","('product', 399)","('el', 2561)","('specialized', 3135)","('manufacture', 197)","('artisan', 228)","('great', 152)","('include', 11)","('dry', 188)","('countries', 36)","('commercial', 232)","('long', 1398)","('competitive', 54)","('commercial', 23)","('ltd', 114)","('industrial', 1069)","('industry', 2158)","('fabrication', 38)","('items', 187)","('delivery', 303)","('accessories', 11823)","('r', 2025)","('preparation', 140)","('instruments', 11)"
82,"('contact', 9)","('excellent', 740)","('line', 83)","('used', 388)","('training', 2499)","('east', 3115)","('machinery', 197)","('por', 223)","('specializing', 152)","('kinds', 11)","('letting', 188)","('health', 36)","('use', 225)","('related', 1376)","('offer', 53)","('email', 23)","('equity', 113)","('including', 1067)","('changed', 2138)","('manufactures', 38)","('electronic', 187)","('line', 301)","('rubber', 11611)","('america', 1966)","('nonmetallic', 139)","('small', 11)"
83,"('advanced', 9)","('materials', 740)","('domestic', 83)","('involved', 383)","('que', 2497)","('parts', 3109)","('kinds', 193)","('per', 209)","('site', 150)","('type', 10)","('machine', 187)","('number', 33)","('management', 224)","('area', 1367)","('research', 53)","('specialise', 22)","('approximately', 113)","('brand', 1061)","('retail', 2129)","('assembly', 38)","('requirement', 187)","('time', 296)","('handling', 11604)","('time', 1957)","('valves', 139)","('specializes', 11)"
84,"('manufacturing', 9)","('mainly', 736)","('manufacture', 81)","('international', 380)","('leading', 2494)","('home', 3108)","('east', 192)","('o', 199)","('located', 149)","('green', 10)","('intermediation', 187)","('7', 33)","('first', 223)","('specialized', 1362)","('technical', 53)","('corporate', 22)","('deposit', 112)","('long', 1057)","('companies', 2119)","('cases', 37)","('including', 186)","('metal', 296)","('material', 11480)","('team', 1943)","('installing', 138)","('needs', 11)"
85,"('processing', 9)","('home', 730)","('iso9001', 80)","('approximately', 379)","('team', 2475)","('like', 3064)","('parts', 191)","('service', 197)","('software', 149)","('medical', 10)","('combined', 186)","('operations', 33)","('animal', 216)","('america', 1356)","('10', 53)","('finance', 22)","('exploration', 110)","('kinds', 1052)","('distribution', 2104)","('information', 37)","('leading', 185)","('machinery', 292)","('safety', 11391)","('chemical', 1934)","('storage', 137)","('since', 11)"
86,"('according', 9)","('metal', 712)","('printing', 79)","('customers', 378)","('offer', 2468)","('led', 3058)","('specialized', 191)","('equipment', 196)","('maintenance', 148)","('roller', 10)","('crops', 184)","('gas', 33)","('public', 215)","('brand', 1342)","('range', 53)","('looking', 22)","('holdings', 108)","('parts', 1048)","('media', 2091)","('used', 37)","('r', 184)","('machines', 290)","('9001', 11281)","('control', 1930)","('machinery', 137)","('leading', 11)"
87,"('5', 9)","('area', 707)","('competitive', 79)","('china', 374)","('north', 2468)","('produce', 3038)","('producing', 187)","('venta', 195)","('life', 146)","('devices', 10)","('shops', 184)","('offices', 33)","('take', 214)","('machinery', 1332)","('supply', 53)","('across', 22)","('distribution', 107)","('area', 1041)","('addition', 2087)","('meet', 37)","('enterprise', 181)","('used', 288)","('chemical', 11020)","('long', 1901)","('fish', 136)","('system', 11)"
88,"('food', 9)","('square', 695)","('meet', 78)","('december', 374)","('p', 2466)","('based', 3036)","('national', 186)","('comercio', 194)","('water', 146)","('drilling', 10)","('companies', 183)","('markets', 33)","('committed', 212)","('make', 1329)","('welcome', 52)","('established', 21)","('residential', 106)","('r', 1031)","('headquartered', 2028)","('pumps', 37)","('industrial', 179)","('plastic', 288)","('coating', 11000)","('line', 1897)","('partitions', 132)","('material', 11)"
89,"('class', 9)","('line', 685)","('asia', 78)","('food', 372)","('founded', 2464)","('1', 3021)","('tech', 183)","('ceramique', 185)","('day', 145)","('r', 10)","('offer', 182)","('customers', 33)","('collection', 208)","('team', 1325)","('excellent', 52)","('offering', 21)","('industries', 106)","('led', 1028)","('california', 1989)","('electric', 36)","('wide', 177)","('2', 286)","('milling', 10981)","('trading', 1891)","('drywall', 131)","('leader', 11)"
90,"('years', 9)","('south', 684)","('south', 78)","('principally', 370)","('production', 2456)","('trade', 3015)","('machines', 182)","('les', 181)","('office', 144)","('markets', 10)","('market', 182)","('purchased', 32)","('solutions', 208)","('2', 1324)","('standard', 51)","('sectors', 21)","('businesses', 106)","('specialized', 1026)","('property', 1977)","('world', 36)","('square', 171)","('wide', 286)","('gas', 10956)","('make', 1884)","('plastering', 131)","('supplier', 10)"
91,"('national', 9)","('time', 683)","('east', 75)","('trading', 367)","('businesses', 2452)","('long', 2986)","('leading', 180)","('industrial', 179)","('center', 142)","('israel', 10)","('customers', 182)","('major', 31)","('contact', 207)","('range', 1316)","('oil', 51)","('find', 21)","('construction', 105)","('future', 1003)","('distributes', 1975)","('providing', 36)","('control', 171)","('since', 283)","('molding', 10821)","('east', 1881)","('street', 131)","('standard', 10)"
92,"('export', 9)","('group', 683)","('make', 75)","('capital', 364)","('social', 2448)","('mainly', 2980)","('passed', 180)","('machines', 178)","('cleaning', 140)","('middle', 10)","('auxiliary', 180)","('formerly', 31)","('facility', 206)","('group', 1316)","('europe', 50)","('sector', 21)","('natural', 104)","('asia', 998)","('water', 1966)","('time', 35)","('home', 171)","('chemical', 282)","('copper', 10717)","('excellent', 1866)","('insulation', 131)","('provider', 10)"
93,"('standard', 8)","('produce', 677)","('innovation', 75)","('materials', 359)","('support', 2441)","('research', 2970)","('export', 180)","('el', 173)","('team', 139)","('good', 10)","('contractors', 176)","('8', 31)","('life', 204)","('control', 1303)","('produce', 50)","('e', 21)","('care', 104)","('research', 995)","('used', 1962)","('contact', 35)","('advanced', 170)","('competitive', 279)","('brass', 10632)","('trade', 1859)","('highway', 130)","('technologies', 10)"
94,"('eps', 8)","('long', 670)","('cooperation', 73)","('holdings', 359)","('een', 2435)","('materials', 2954)","('asia', 179)","('fabricacion', 170)","('repairs', 138)","('used', 10)","('architectural', 175)","('sales', 30)","('spa', 199)","('plastic', 1291)","('square', 49)","('effective', 20)","('stores', 104)","('d', 985)","('food', 1936)","('switches', 34)","('light', 170)","('producing', 274)","('production', 10437)","('mainly', 1840)","('boxes', 130)","('coatings', 10)"
95,"('plastic', 8)","('make', 668)","('national', 73)","('wholly', 354)","('full', 2422)","('technical', 2944)","('10', 179)","('faconnage', 169)","('information', 137)","('customer', 10)","('range', 171)","('10', 30)","('department', 198)","('excellent', 1290)","('city', 49)","('today', 20)","('involved', 103)","('series', 976)","('supplies', 1924)","('process', 34)","('specialized', 169)","('long', 271)","('pipe', 10273)","('area', 1830)","('marinas', 128)","('d', 10)"
96,"('sale', 8)","('contact', 665)","('lighting', 73)","('marketing', 354)","('co', 2420)","('range', 2938)","('south', 179)","('comercializacion', 166)","('today', 137)","('south', 10)","('also', 166)","('2006', 30)","('wedding', 197)","('produce', 1277)","('led', 48)","('wide', 20)","('north', 103)","('home', 972)","('holdings', 1923)","('leader', 34)","('let', 168)","('3', 271)","('oil', 10226)","('asia', 1828)","('livestock', 127)","('injection', 10)"
97,"('engaged', 8)","('reputation', 664)","('leading', 73)","('gold', 353)","('computer', 2411)","('used', 2923)","('plastic', 179)","('sablesla', 166)","('state', 137)","('based', 10)","('us', 165)","('provides', 30)","('long', 196)","('trade', 1273)","('security', 48)","('develop', 20)","('data', 98)","('east', 967)","('control', 1905)","('pressure', 34)","('accessories', 168)","('control', 271)","('controls', 10200)","('produce', 1822)","('automotive', 127)","('use', 10)"
98,"('gold', 8)","('brand', 664)","('area', 71)","('software', 350)","('home', 2356)","('team', 2917)","('various', 172)","('impresa', 165)","('mobile', 136)","('network', 9)","('timber', 162)","('store', 30)","('school', 195)","('asia', 1271)","('innovation', 48)","('websites', 20)","('online', 98)","('since', 961)","('home', 1877)","('supplier', 33)","('various', 167)","('mainly', 269)","('filters', 10072)","('oil', 1820)","('brokers', 127)","('electronics', 10)"
99,"('chimney', 8)","('r', 661)","('province', 71)","('steel', 340)","('llc', 2262)","('plastic', 2858)","('famous', 171)","('al', 164)","('art', 136)","('000', 9)","('distribution', 160)","('co', 29)","('product', 193)","('like', 1264)","('material', 48)","('throughout', 20)","('subsidiaries', 98)","('based', 961)","('bank', 1867)","('die', 33)","('founded', 166)","('first', 268)","('process', 9862)","('technical', 1818)","('specialties', 126)","('wire', 10)"